Country,Continent,Alcoholic_Beverages,Animal_fats,Animal_Products,Aquatic_Products_Other,Cereals_Excluding_Beer,Eggs,Fish_Seafood,Fruits_Excluding_Wine,Meat,Milk_Excluding_Butter,Miscellaneous,Offals,Oilcrops,Pulses,Spices,Starchy_Roots,Stimulants,Sugar_And_Sweeteners,Sugar_Crops,Treenuts,Vegetable_Oils,Vegetables,Vegetal_Products,Obesity,Undernourished,Confirmed,Deaths,Recovered,Active,Population,Grains,Vegetables_Sum,Fruits,Protein,Grains_25,Vegetables_Sum_25,Fruits_25,Protein_25,Total_25,Max_of_4,Min_of_4,Healthy_Or_Not,Deaths_rate,Recovered_rate,Active_rate,Total_rate
Afghanistan,Asia,0.0014,0.1973,9.4341,0.0,24.8097,0.2099,0.035,5.3495,1.202,7.5828,0.0728,0.2057,0.07,0.2953,0.0574,0.8802,0.3078,1.3489,0.0,0.077,0.5345,6.7642,40.5645,4.5,29.8,0.039968982,0.000675569,0.003490879,0.035802534,38042000.0,27.846300000000003,47.863200000000006,5.3509,18.939600000000002,23.205250000000003,29.914500000000004,13.377250000000002,23.674500000000005,90.17150000000002,v,f,0.0,1.6902331913282154,8.733970257235974,89.5757965514358,99.99999999999999
Albania,Europe,1.6719,0.1357,18.7684,0.0,5.7817,0.5815,0.2126,6.7861,1.8845,15.7213,0.1123,0.2324,0.9377,0.238,0.0008,1.8096,0.1055,1.5367,0.0,0.1515,0.3261,11.7753,31.2304,22.3,6.2,0.039783065,0.001154654,0.030510847,0.008117565,2858000.0,10.561499999999999,43.3318,8.458,37.64869999999999,8.80125,27.082375000000003,21.145,47.06087499999999,104.08949999999999,p,g,0.0,2.90237567165828,76.69305268460337,20.40457415737073,100.00000251363238
Algeria,Africa,0.2711,0.0282,9.6334,0.0,13.6816,0.5277,0.2416,6.3801,1.1305,7.6189,0.1671,0.087,0.3493,0.4783,0.0557,4.134,0.2216,1.8342,0.0,0.1152,1.031,11.6484,40.3651,26.6,3.9,0.021642169,0.0015044,0.013242409,0.00689536,43406000.0,20.8699,53.0445,6.651199999999999,19.4344,17.391583333333337,33.1528125,16.628,24.293,91.46539583333333,v,f,1.0,6.951244119755279,61.187993680300714,31.86076219994401,100.0
Angola,Africa,5.8087,0.056,4.9278,0.0,9.1085,0.0587,1.7707,6.0005,2.0571,0.8311,0.1165,0.155,0.4186,0.6507,0.0009,18.1102,0.0508,1.8495,0.0,0.0061,0.6463,2.3041,45.0722,6.8,25.0,0.00027365,1.27e-05,5.73e-05,0.000203647,31427000.0,30.195299999999996,48.022600000000004,11.8092,9.9729,25.162749999999996,30.014125000000003,29.523,12.466124999999998,97.166,v,p,0.0,4.640964735976612,20.93915585602046,74.4187831171204,99.99890370911747
Antigua and Barbuda,North America,3.5764,0.0087,16.6613,0.0,5.996,0.2274,4.1489,10.7451,5.6888,6.3663,0.7139,0.2219,0.2172,0.184,0.1524,1.4522,0.1564,3.8749,0.0,0.0253,0.8102,5.4495,33.3233,19.1,5.086516853932585,0.026804124,0.003092784,0.019587629,0.004123711,97000.0,12.0584,39.583000000000006,14.3215,34.037200000000006,10.048666666666668,24.739375000000003,35.80375,42.54650000000001,113.13829166666667,p,g,0.0,11.53846326035501,73.07692278994084,15.384613949704159,100.00000000000001
Argentina,South America,4.2672,0.2234,19.3454,0.0,8.4102,0.9979,0.4693,6.0435,7.0421,10.2328,0.0,0.3779,0.0116,0.0528,0.0122,3.042,0.4378,3.0536,0.0,0.02,0.9541,4.3503,30.6559,28.5,4.6,0.037497497,0.001199404,0.011873873,0.024424219,44939000.0,15.040199999999997,35.9603,10.3107,38.6888,12.533499999999997,22.4751875,25.776750000000003,48.361,109.14643749999999,p,g,0.0,3.1986241641675446,31.665774918256545,65.13559825073125,99.99999733315533
Armenia,Asia,0.4014,0.1833,13.564,0.0,7.2982,0.5783,0.2896,6.0989,2.2675,9.9407,0.2355,0.304,0.0899,0.1441,0.0055,2.0359,0.1863,2.6579,0.0,0.1108,0.4705,16.7019,36.4358,20.9,4.3,0.313369345,0.004422687,0.114314652,0.194632005,2962000.0,12.528599999999997,53.6082,6.5003,27.362899999999996,10.440499999999998,33.505125,16.25075,34.203624999999995,94.4,p,g,0.0,1.411333645286842,36.4792069881628,62.10945904743809,99.99999968088773
Australia,Australia,5.5436,0.3143,21.4175,0.0033,5.4979,0.4428,1.4264,4.1883,6.7049,12.1018,0.5293,0.424,0.3694,0.0546,0.0458,2.7884,0.2928,2.5364,0.0,0.3176,1.2798,5.1406,28.5806,30.4,2.5,0.028460779,0.000407034,0.026152934,0.00190081,25305000.0,11.9029,35.001,9.7319,43.3643,9.919083333333333,21.875625,24.32975,54.205375000000004,110.32983333333334,p,g,0.0,1.4301576214762077,91.89113903031256,6.678699834603965,99.99999648639273
Austria,Europe,7.0215,0.8555,19.5654,0.0011,6.2116,0.7884,0.7562,4.6069,4.681,12.3776,0.0005,0.1052,0.2683,0.0456,0.0494,3.0548,0.4106,2.6094,0.0,0.2367,0.8109,5.1098,30.4338,21.9,2.5,0.188475836,0.007525065,0.17565619,0.005294582,8877000.0,12.8864,36.3545,11.6284,39.130900000000004,10.738666666666667,22.7215625,29.070999999999998,48.913625,111.44485416666666,p,g,0.0,3.9925887369455673,93.198254868067,2.8091569255594124,100.00000053057197
Azerbaijan,Asia,3.5969,0.2544,11.6416,0.0,13.0898,0.5593,0.202,4.7988,2.1513,8.3212,0.0145,0.1534,0.0145,0.0347,0.0044,4.7041,0.0587,1.5523,0.0,0.1906,0.2235,10.0755,38.3584,19.9,2.5,0.054813928,0.000628554,0.034201337,0.019984037,10023000.0,19.649100000000004,48.6574,8.3957,23.297700000000006,16.374250000000004,30.410875000000004,20.98925,29.12212500000001,96.89650000000002,v,g,1.0,1.1467049031771634,62.39534046894066,36.457954627882174,100.0
Bahamas,North America,2.0175,0.0062,11.4718,0.0009,3.7246,0.625,2.4144,13.2718,5.9269,2.1757,2.9316,0.3218,0.6993,0.0504,0.0884,1.0547,0.1556,6.2151,0.0,0.0495,0.511,7.7649,38.5229,32.1,5.086516853932585,0.02622108,0.002827763,0.012339332,0.011053985,389000.0,12.0376,46.7988,15.2893,25.874299999999998,10.031333333333333,29.24925,38.22325,32.342875,109.84670833333334,f,g,0.0,10.784311706459079,47.058824426758925,42.156863866782,100.0
Bangladesh,Asia,0.0031,0.0156,5.1926,0.0,29.8045,0.2957,2.5221,2.8655,0.4191,1.8778,0.0197,0.0633,0.082,0.7065,0.3195,5.3378,0.0529,0.9285,0.195,0.0934,0.7615,3.6405,44.8033,3.4,14.7,0.028810328,0.000397148,0.005976159,0.022437022,163667000.0,37.520100000000006,49.2053,2.8686,10.4059,31.266750000000005,30.753312500000003,7.1715,13.007375000000001,82.1989375,g,f,0.0,1.3784917686462994,20.743113372398952,77.87839832993224,100.00000347097749
Barbados,North America,3.565,0.2212,12.4976,0.0,8.0666,0.7792,3.275,5.8723,5.8477,2.2041,3.302,0.1704,0.8734,0.6391,0.1565,4.0812,0.1721,4.3344,0.0,0.0852,0.8677,5.4725,37.5167,24.8,3.9,0.032055749,0.002439024,0.026480836,0.003135889,287000.0,18.4085,43.8569,9.4373,28.2972,15.340416666666668,27.4105625,23.59325,35.3715,101.71572916666666,p,g,0.0,7.608694465382793,82.6086952452741,9.782610289343106,100.00000000000001
Belarus,Europe,3.7563,0.3353,12.7089,0.0,6.2814,0.7565,0.8372,3.5665,4.1893,6.2104,0.5035,0.3795,0.072,0.001,0.0067,9.1691,0.1142,4.0155,0.0,0.1399,0.8804,8.7859,37.2904,26.6,2.5,0.449519383,0.002482307,0.195563536,0.25147354,9467000.0,19.7998,46.9567,7.3228,25.920599999999997,16.49983333333333,29.3479375,18.307000000000002,32.400749999999995,96.55552083333333,p,g,1.0,0.5522135627241684,43.50502856959118,55.942757867684655,100.0
Belgium,Europe,5.373,0.8559,17.7279,0.001,6.6704,0.6487,1.1325,4.1623,3.237,11.6344,0.0,0.2185,0.0965,0.1132,0.0409,4.4157,0.2461,3.6514,0.0,0.1309,0.564,6.8161,32.2637,24.5,2.5,0.509521732,0.082623495,0.138654215,0.288244022,11458000.0,15.365100000000002,39.6438,9.5353,35.4559,12.80425,24.777375,23.83825,44.319874999999996,105.73975,p,g,0.0,16.215892239901557,27.21262044226212,56.571487317836336,100.00000000000001
Belize,North America,3.3803,0.0832,8.6856,0.0,11.07,0.3923,1.0325,12.6094,3.489,3.6317,1.7653,0.0569,0.394,1.1259,0.0195,1.0614,0.0849,3.9798,0.0,0.034,1.0198,4.7721,41.3122,22.4,7.5,0.004411765,0.000490196,0.003921569,0.0,408000.0,17.769499999999997,47.104099999999995,15.989700000000001,19.136499999999998,14.807916666666666,29.440062499999996,39.97425,23.920624999999998,108.14285416666667,f,g,0.0,11.111108592592762,88.88889140740723,0.0,99.99999999999999
Benin,Africa,5.9019,0.0132,3.7504,0.0,9.623,0.0711,1.2267,2.9523,1.4107,0.9458,0.145,0.0829,0.6628,0.7367,0.4461,19.7771,0.0042,0.6635,0.0,0.4028,0.7381,4.1964,46.2493,8.2,10.1,0.001965935,2.54e-05,0.001211762,0.000728752,11801000.0,32.3162,51.1838,8.8542,7.6458,26.930166666666665,31.989875,22.135500000000004,9.55725,90.61279166666667,v,p,0.0,1.2920060937925213,61.63794835536272,37.06897735683022,99.99893180598545
Bolivia,South America,2.8956,0.0889,11.7799,0.0,12.3079,0.6626,0.2307,7.5088,6.4098,4.2873,0.1661,0.1006,0.1374,0.3654,0.0422,7.7315,0.2083,2.5724,0.0,0.7084,0.3573,3.2224,38.2165,18.7,17.1,0.087027027,0.002728858,0.008439407,0.075858762,11470000.0,24.0735,41.796200000000006,10.404399999999999,23.725900000000003,20.06125,26.122625000000006,26.010999999999996,29.657375000000002,101.85225,p,g,1.0,3.1356442866880876,9.697455251458836,87.16690046185306,99.99999999999999
Bosnia and Herzegovina,Europe,4.7876,0.0585,12.4319,0.0,8.7152,0.2576,0.2465,4.6409,1.8165,9.9443,0.486,0.1089,0.0963,0.2718,0.3922,4.0495,0.3504,1.6391,0.0,0.0822,0.4205,11.6394,37.5645,19.4,2.5,0.071858002,0.004380189,0.053306613,0.0141712,3493000.0,15.596700000000002,49.6244,9.4285,25.350199999999997,12.997250000000001,31.015249999999998,23.57125,31.687749999999998,99.2715,p,g,0.0,6.095617576453071,74.18326632571832,19.721116097828602,99.99999999999999
Botswana,Africa,4.2717,0.3402,14.4486,0.0,11.432,0.1402,0.3551,2.8465,2.284,11.0217,1.6092,0.3056,0.2019,0.2729,0.1626,4.7614,0.1336,4.7857,0.0009,0.015,1.0065,4.0558,35.5491,16.1,26.4,0.001533071,4.38e-05,0.00087604,0.000613228,2283000.0,21.766000000000005,40.6114,7.1182,30.5046,18.138333333333335,25.382125,17.7955,38.13075,99.44670833333333,p,f,0.0,2.8570105363678526,57.142819869399396,39.99997390857957,99.99980431434682
Brazil,South America,4.3629,0.2803,17.347,0.0,8.4292,0.5042,0.5899,6.0936,6.4784,9.3416,0.0006,0.1512,0.7093,0.9254,0.0071,3.3959,0.3024,2.7755,1.0111,0.0513,1.2823,3.307,32.6537,22.3,2.5,0.245948541,0.014003592,0.098673399,0.13327155,209332000.0,17.6072,37.243,10.4565,34.693200000000004,14.672666666666665,23.276875000000004,26.14125,43.36650000000001,107.45729166666666,p,g,0.0,5.693708099695538,40.11953012561274,54.18676177469172,100.0
Bulgaria,Europe,7.0834,0.2488,17.2483,0.0103,8.875,0.5924,0.4845,3.9812,4.0073,11.5992,0.2254,0.3058,0.345,0.1512,0.6048,1.8576,0.2818,2.3627,0.0,0.0797,0.7085,6.2037,32.7435,27.4,3.6,0.036028674,0.002007168,0.015397849,0.018623656,6975000.0,14.5578,39.655699999999996,11.0646,34.722,12.1315,24.784812499999997,27.6615,43.402499999999996,107.9803125,p,g,0.0,5.571029341795927,42.73776215022513,51.691205732411916,99.99999722443297
Burkina Faso,Africa,15.3706,0.0231,4.6611,0.0,21.2005,0.2406,0.7077,0.6596,1.2029,2.3195,0.1373,0.1664,1.8664,1.4294,0.0321,0.9723,0.0211,1.1287,0.0,0.0712,0.9503,1.5036,45.3359,4.5,20.0,0.004168102,0.000260814,0.003543133,0.000364155,20321000.0,26.721700000000002,47.7898,16.0302,9.458599999999999,22.268083333333337,29.868624999999998,40.075500000000005,11.82325,104.03545833333334,f,p,0.0,6.2573804575799725,85.00590916441104,8.736710378008985,99.99999999999999
Cabo Verde,Africa,3.9814,0.0363,9.7559,0.0029,14.7961,0.4602,1.0598,4.6402,3.0725,5.0192,1.119,0.105,0.5394,1.139,0.2731,3.843,0.1671,2.1396,0.0,0.0258,0.9471,6.6338,40.2437,10.6,12.6,0.079090909,0.000727273,0.035090909,0.043272727,550000.0,22.9231,47.8246,8.6216,20.6308,19.102583333333335,29.890374999999995,21.554000000000002,25.788500000000003,96.33545833333334,v,g,1.0,0.9195405757695868,44.36781602800899,54.71264339622143,100.0
Cambodia,Asia,4.5783,0.0377,6.08,0.0,24.8906,0.131,4.2369,2.3184,1.2247,0.3285,0.4853,0.1211,0.79,0.4903,0.0784,3.0519,0.126,2.9923,0.8367,0.0238,0.2511,3.0072,43.9195,3.5,16.4,0.000758173,0.0,0.000746042,1.21e-05,16487000.0,33.28,47.1778,6.896699999999999,12.645200000000003,27.73333333333333,29.486124999999998,17.241749999999996,15.806500000000003,90.26770833333333,v,p,1.0,0.0,98.39996940012372,1.5959418233041798,99.9959112234279
Cameroon,Africa,5.156,0.0146,2.933,0.0,10.3112,0.0256,1.3206,7.2151,0.876,0.6289,0.0717,0.0673,0.8658,1.4734,0.283,11.3883,0.0234,0.6479,0.0,0.1324,0.6398,8.859,47.067,9.5,9.9,0.02281651,0.000738136,0.013788839,0.008289535,25876000.0,25.1254,56.565799999999996,12.371099999999998,5.9377,20.937833333333334,35.353625,30.92775,7.422125,94.64133333333334,v,p,0.0,3.2350959897021934,60.43360268507322,36.33130132522459,100.0
Canada,North America,4.8441,0.8084,16.0365,0.006,6.4236,0.7668,1.2148,5.0692,4.4707,8.7596,0.6071,0.0097,0.4334,0.6304,0.0574,3.494,0.4053,5.0237,0.0,0.1439,1.3441,5.4961,33.9551,31.3,2.5,0.247184134,0.019709727,0.131539839,0.095934568,37413000.0,16.6117,40.795300000000005,9.9133,32.67960000000001,13.843083333333334,25.497062500000002,24.78325,40.84950000000001,104.97289583333335,p,g,0.0,7.9737023089030465,53.215324491660134,38.81097319943682,100.0
Central African Republic,Africa,1.7435,0.1228,6.9032,0.0,3.8844,0.051,0.8041,4.5543,3.7346,1.7581,0.0614,0.4338,0.697,0.8936,0.0031,27.7128,0.2008,0.7022,0.0,0.0,0.724,1.9214,43.0942,6.3,59.6,0.021306639,4.21e-05,0.000484721,0.020779768,4745000.0,34.0939,45.7396,6.2978,13.869000000000002,28.41158333333333,28.587250000000004,15.7445,17.336250000000003,90.07958333333335,v,f,1.0,0.19759099499456487,2.2749763583078497,97.52719797805746,99.99976533135987
Chad,Africa,0.8297,0.2023,12.2804,0.0,21.6017,0.0495,1.0451,1.0669,3.8543,5.9037,0.064,1.2256,3.0304,1.4133,0.0,6.991,0.0087,1.3449,0.0,0.0,0.4556,0.9141,37.7189,4.8,37.5,0.00475841,0.000397554,0.003003058,0.001357798,16350000.0,34.39,39.0886,1.8965999999999998,24.6249,28.658333333333335,24.430374999999998,4.7415,30.781125,88.61133333333333,p,f,0.0,8.354765562446278,63.110534821505496,28.534699616048215,99.99999999999999
Chile,South America,4.969,0.1782,15.0394,0.0155,10.8579,0.7757,0.8711,3.9109,6.1492,6.9966,0.3024,0.0525,0.2588,0.2677,0.0133,4.7183,0.1353,3.5582,0.0,0.119,0.5435,5.3092,34.9584,28.8,2.7,0.52173549,0.005516303,0.223619616,0.292599571,19107000.0,19.9285,40.811099999999996,8.8799,30.380599999999998,16.607083333333332,25.5069375,22.199749999999998,37.97575,102.28952083333331,p,g,0.0,1.0572987856356102,42.860725460711905,56.08197575365249,100.0
China,Asia,2.3224,0.0866,13.424,0.0542,8.9298,1.2059,3.3435,4.2451,6.0732,1.7962,1.3773,0.8643,0.4401,0.0704,0.0364,1.9016,0.1781,3.1065,0.0253,0.2665,0.579,13.099,36.5744,6.6,8.5,0.006018898,0.000331753,0.005678634,8.51e-06,1398030000.0,14.9547,50.252399999999994,6.5675,28.2252,12.462250000000001,31.407749999999997,16.41875,35.2815,95.57024999999999,p,g,0.0,5.511856157057322,94.34673922036892,0.14138800823672373,99.99998338566296
Colombia,South America,3.1032,0.0814,12.821,0.0,8.1055,0.8132,0.4552,11.3276,3.554,7.7443,0.0776,0.1729,0.2276,0.3503,0.0343,5.0309,0.0057,4.7518,0.028,0.0947,0.9454,3.0981,37.1774,22.1,4.8,0.054033827,0.001818398,0.013959582,0.038255846,50374000.0,18.6288,41.2209,14.430800000000001,25.719599999999996,15.524,25.7630625,36.077000000000005,32.149499999999996,109.5135625,f,g,0.0,3.365295595294407,25.834894130301006,70.79980842371207,99.99999814930747
Congo,Africa,4.9612,0.0122,6.1258,0.0,6.2564,0.0457,2.3945,4.0015,3.2735,0.0963,0.173,0.3044,0.3632,0.2408,0.0033,23.2457,0.0171,1.3907,0.0,0.0016,0.67,2.552,43.8709,8.4,40.3,0.068407359,0.001709719,0.011652109,0.055045531,5381000.0,31.5188,47.0929,8.9627,12.425399999999998,26.265666666666664,29.433062500000002,22.40675,15.531749999999997,93.63722916666667,v,p,1.0,2.499320285117278,17.03341448980657,80.46726522507616,100.00000000000001
Costa Rica,North America,1.6982,0.1529,18.677,0.0007,8.6611,0.7582,1.3317,9.5203,3.8631,12.4535,0.0274,0.1161,0.2914,0.8354,0.0433,1.5676,0.3181,3.9006,0.0,0.0397,1.4363,2.9837,31.3238,25.7,4.8,0.020869565,0.000197628,0.013221344,0.007450593,5060000.0,15.6572,35.7438,11.2185,37.3806,13.047666666666666,22.339875,28.04625,46.72575,110.15954166666666,p,g,0.0,0.946967509864245,63.35227399325285,35.7007584968829,100.0
Cote d'Ivoire,Africa,1.4487,0.0132,2.9144,0.0,11.4585,0.1587,1.3914,4.8741,0.9586,0.1285,0.0163,0.2648,0.6055,0.1727,0.1247,23.308,0.0759,0.7859,0.0,0.5443,0.8656,2.8098,47.0806,9.0,19.0,0.011103708,0.000129341,0.005624363,0.005350004,25514000.0,37.0755,50.756,6.322800000000001,5.8459,30.89625,31.722499999999997,15.807000000000002,7.307375,85.733125,v,p,0.0,1.1648451130018909,50.65301609156149,48.18213879543662,100.0
Croatia,Europe,4.9846,0.2296,17.311,0.0005,5.7726,0.3955,0.9196,3.4094,3.6945,11.8824,0.0,0.1889,0.3494,0.0373,0.0236,1.8078,0.2458,3.088,0.0,0.0761,0.3808,12.5188,32.6838,27.1,2.5,0.055388409,0.002540074,0.051097411,0.001750925,4055000.0,11.4006,45.5834,8.394,34.62199999999999,9.5005,28.489624999999997,20.985,43.27749999999999,102.252625,p,g,0.0,4.585930605083818,92.25289536661,3.161175833738066,100.00000180543189
Cuba,North America,2.0589,0.1202,10.0096,0.0,9.9309,0.5263,0.3368,9.0347,3.2837,5.5971,0.0787,0.1456,0.5346,1.1336,0.0089,5.1555,0.0657,3.1617,0.0,0.0006,0.4535,8.374,39.9895,26.7,2.5,0.018239386,0.000740278,0.016134499,0.001364609,11212000.0,19.9915,48.817,11.0936,20.098000000000006,16.659583333333334,30.510625,27.734,25.12250000000001,100.02670833333335,v,g,1.0,4.058678291034578,88.45966086797002,7.481660840995414,100.00000000000001
Cyprus,Asia,3.4447,0.0277,16.1736,0.0015,7.0646,0.5746,1.8209,6.198,5.3167,8.2744,1.4858,0.1584,0.4089,0.211,0.0307,1.7705,0.2387,4.2194,0.0,0.1781,1.1937,7.3888,33.8191,22.6,5.6,0.07552,0.00136,0.0632,0.01096,1250000.0,14.121900000000002,42.4016,9.642700000000001,33.833600000000004,11.76825,26.501,24.106750000000005,42.29200000000001,104.668,p,g,0.0,1.8008474576271187,83.6864406779661,14.512711864406777,100.0
Czechia,Europe,9.8498,0.8945,17.8065,0.0006,5.6937,0.4964,0.5355,3.3962,4.7618,10.983,0.1099,0.134,0.0949,0.1139,0.0316,3.3991,0.134,3.8081,0.0,0.0477,0.9854,4.5289,32.1944,28.5,2.5,0.086860356,0.002999063,0.061462043,0.02239925,10670000.0,13.323,37.7087,13.246,35.72220000000001,11.1025,23.5679375,33.115,44.652750000000005,112.4381875,p,g,0.0,3.452740856830014,70.75960291942621,25.787656223743777,100.00000000000001
Denmark,Europe,4.8866,1.2415,23.2141,0.001,6.7226,0.8206,1.1797,3.1098,3.6804,15.9557,0.0,0.3347,0.1185,0.0369,0.0774,3.1113,0.4069,2.8728,0.0,0.1138,0.0915,5.2431,26.7812,21.3,2.5,0.203969754,0.009864238,0.18147448,0.012631036,5819000.0,13.4602,32.1158,7.9963999999999995,46.427699999999994,11.216833333333334,20.072375,19.990999999999996,58.034625,109.31483333333333,p,g,0.0,4.8361278113812896,88.97126973051111,6.192602458107588,99.99999999999999
Djibouti,Africa,0.3778,0.0579,5.5215,0.0,20.2702,0.1275,0.4276,3.2735,1.7428,2.9085,1.1831,0.2572,0.0568,1.5724,0.1506,1.8633,0.1309,4.2005,0.0,0.0406,1.6153,9.7637,44.4582,12.2,18.9,0.344353183,0.002464066,0.154414784,0.187474333,974000.0,28.285300000000003,55.837199999999996,3.6513,12.226099999999999,23.571083333333338,34.89825,9.12825,15.282625,82.88020833333333,v,f,0.0,0.7155635904198975,44.84197957885582,54.44245683072428,100.0
Dominica,North America,0.941,0.0319,8.9011,0.0,3.4014,0.1244,1.4188,19.3028,2.782,4.4217,0.6745,0.1219,1.1058,0.2255,0.1512,6.8477,0.2553,3.1738,0.0,0.0035,0.3797,4.6371,41.0989,28.2,6.2,0.022222222,0.0,0.022222222,0.0,72000.0,15.164200000000001,46.115700000000004,20.2438,18.4763,12.636833333333334,28.822312500000002,50.6095,23.095374999999997,115.16402083333332,f,g,0.0,0.0,100.0,0.0,100.0
Dominican Republic,North America,3.21,0.1122,11.2417,0.0006,6.9232,0.6445,0.6059,18.4431,3.5009,6.1202,0.0906,0.2567,1.1395,0.5881,0.026,2.0198,0.142,2.1332,0.0,0.0108,1.2948,2.7385,38.7577,26.9,9.5,0.166201923,0.004826923,0.101528846,0.059846154,10400000.0,12.9826,42.791,21.653100000000002,22.5733,10.818833333333334,26.744374999999998,54.13275000000001,28.216625,119.91258333333334,f,g,0.0,2.904252196889443,61.08764818563501,36.008099617475544,100.0
Ecuador,South America,3.2929,0.1277,15.3469,0.0328,14.9132,0.6902,0.6893,8.039,4.0115,9.5745,0.1526,0.22,0.1765,0.157,0.0177,2.2701,0.0071,1.737,0.0,0.016,1.3777,2.4981,34.6522,19.3,7.9,0.226418809,0.019446375,0.11345842,0.093514014,17268000.0,19.294600000000003,38.528,11.3319,30.8455,16.078833333333336,24.08,28.329749999999997,38.556875000000005,107.04545833333334,p,g,0.0,8.588674715624,50.109980041454946,41.30134524292106,100.0
Egypt,Africa,0.0722,0.0896,6.7374,0.0,17.5311,0.2307,1.5844,6.9387,1.7583,2.7568,0.0187,0.317,0.6541,0.3063,0.0655,2.6919,0.0863,1.7984,2.0338,0.0268,0.3839,10.6559,43.2622,31.1,4.5,0.025221069,0.000968061,0.00609404,0.018158968,99064000.0,25.194200000000002,54.302,7.0108999999999995,13.4929,20.995166666666666,33.93875,17.52725,16.866125,89.32729166666665,v,p,1.0,3.8383028094487197,24.162496839448007,71.99920035110328,100.00000000000001
El Salvador,North America,2.1651,0.1113,12.888,0.0,11.7265,0.7533,0.573,5.9517,2.6337,8.7381,0.592,0.0794,1.4273,1.4661,0.0121,2.2462,0.2649,3.526,0.0,0.0155,0.4565,7.2703,37.1029,22.7,9.0,0.03899907,0.000712736,0.016114038,0.022172296,6454000.0,20.6846,44.829699999999995,8.1168,26.368799999999997,17.237166666666667,28.018562499999998,20.291999999999998,32.961,98.50872916666667,p,g,1.0,1.8275717856861713,41.31903145382698,56.85339676048686,100.00000000000001
Estonia,Europe,6.1949,0.4556,22.3154,0.0005,6.3498,0.6145,0.7127,3.5061,3.081,17.3068,0.1501,0.1457,0.0518,0.1472,0.0576,3.2403,0.2121,2.3886,0.0,0.0886,0.3472,4.9558,27.6779,23.8,2.9,0.140737952,0.005120482,0.122289157,0.013328313,1328000.0,12.536,32.9809,9.701,44.7823,10.446666666666667,20.613062499999998,24.2525,55.977875,111.29010416666667,p,g,0.0,3.6383093026676985,86.89138591415626,9.47030478317604,100.0
Eswatini,Africa,6.2239,0.1024,7.4118,0.0019,14.7814,0.1578,0.3643,8.5537,2.5917,3.9299,0.6695,0.262,0.3005,0.3578,0.1615,5.3187,0.0648,3.1796,0.0,0.0892,0.3258,2.5701,42.5816,13.5,20.6,0.02600365,0.000182482,0.017244526,0.008576642,1096000.0,24.253500000000003,45.4775,14.7776,15.491299999999999,20.211250000000003,28.4234375,36.944,19.364124999999998,104.9428125,f,p,0.0,0.7017553305016796,66.31579028328716,32.98245438621117,100.0
Ethiopia,Africa,2.4543,0.0276,5.2956,0.0,22.0779,0.0594,0.0608,1.1774,0.7462,4.2647,0.018,0.1382,0.2322,3.0195,0.4298,11.2918,0.2957,1.317,0.0,0.0802,0.4699,1.8449,44.6989,3.6,20.6,0.001045691,9.81e-06,0.000186476,0.000849401,112079000.0,38.744099999999996,47.0137,3.6317,10.6105,32.28675,29.3835625,9.07925,13.263125,84.0126875,g,f,0.0,0.9381356442773245,17.832801468120124,81.22868036542343,99.99961747782088
Fiji,Australia,1.8598,0.2922,7.8511,0.0021,10.144,0.2682,2.3832,2.1636,3.0004,1.7421,0.2586,0.1642,4.3799,0.7746,0.05,7.8599,0.1238,9.7259,0.0,0.0157,0.8683,3.9255,42.1469,30.0,3.7,0.002017937,0.0,0.001681614,0.000336323,892000.0,33.0738,46.9407,4.0234000000000005,15.9621,27.5615,29.3379375,10.0585,19.952624999999998,86.9105625,v,f,0.0,0.0,83.33332507407317,16.666674925926827,100.0
Finland,Europe,4.5004,0.519,26.8865,0.0,5.1978,0.3979,1.5306,3.1864,3.4915,20.8378,0.7944,0.1097,0.0883,0.0533,0.0168,2.7671,0.545,1.8388,0.0,0.046,0.2468,3.8325,23.1132,24.9,2.5,0.12423474,0.005796051,0.099619634,0.018819055,5521000.0,10.5531,27.1925,7.6868,54.5674,8.79425,16.995312499999997,19.217000000000002,68.20925,113.2158125,p,g,0.0,4.665402768983942,80.18661607856224,15.147981152453816,100.0
France,Europe,4.1631,0.7907,21.7097,0.0011,6.9951,0.611,1.8214,4.878,4.4005,13.784,0.1918,0.301,0.1479,0.0991,0.0164,2.6963,0.2925,2.611,0.0,0.2093,0.8675,5.1223,28.2903,23.2,2.5,0.291527594,0.044428849,0.105612796,0.141485949,64834000.0,13.0676,34.2801,9.0411,43.61120000000001,10.889666666666667,21.425062499999996,22.60275,54.51400000000002,109.43147916666669,p,g,0.0,15.240014981223354,36.227375443574644,48.532609575201995,100.0
Gabon,Africa,6.1881,0.0109,8.1825,0.0,9.1158,0.0701,2.2578,9.0341,4.32,0.9486,0.4751,0.5758,0.8509,0.0139,0.0015,11.8727,0.0212,1.2508,0.1248,0.0051,0.4824,2.3979,41.8004,13.4,10.5,0.122012868,0.00078125,0.033180147,0.088051471,2176000.0,23.256699999999995,44.6807,15.2222,16.8408,19.38058333333333,27.9254375,38.0555,21.051000000000002,106.41252083333335,f,g,0.0,0.640301316415249,27.193973507777887,72.16572517580687,100.0
Gambia,Africa,2.8419,0.0114,10.1417,0.0,21.8908,0.2008,3.9197,0.8742,1.1134,4.8167,0.9824,0.0812,3.1637,0.1281,0.0043,0.8614,0.2719,4.1176,0.0,0.0897,2.2026,2.4575,39.8291,8.7,10.2,0.001064736,4.26e-05,0.000851789,0.000170358,2348000.0,30.527499999999996,44.4892,3.7161,21.2673,25.43958333333333,27.805749999999996,9.29025,26.584124999999997,89.11970833333332,v,f,0.0,4.00099179514922,80.00001878399905,16.00002254079885,100.00103311994712
Georgia,Asia,2.5343,0.2356,15.5347,0.0,15.6253,0.5032,0.6622,3.1735,2.6217,11.3605,0.7882,0.1507,0.084,0.0025,0.0247,3.7542,0.2397,3.311,0.0,0.1631,0.668,4.0993,34.4636,23.3,7.9,0.019589692,0.000300225,0.015136352,0.004153115,3997000.0,23.204499999999996,39.2309,5.707800000000001,31.856800000000003,19.33708333333333,24.519312499999998,14.2695,39.821000000000005,97.94689583333333,p,f,0.0,1.532566208800016,77.26692180765272,21.200511983547266,100.0
Germany,Europe,6.7714,0.6715,20.8485,0.0011,6.0363,0.5947,0.6758,3.6131,4.6524,14.1789,0.0,0.0747,0.1701,0.0419,0.0429,3.5712,0.3493,2.507,0.0,0.1903,0.8104,5.0542,29.1443,25.7,2.5,0.220709988,0.010276775,0.198979543,0.01145367,83100000.0,12.909,35.0089,10.3845,41.6976,10.7575,21.880562499999996,25.961249999999996,52.122,110.7213125,p,g,0.0,4.656234678423344,90.15429922455527,5.1894660970214,100.00000000000001
Ghana,Africa,0.9444,0.0088,2.8956,0.0,6.323,0.0705,1.4992,10.4274,0.8069,0.4178,0.1657,0.0917,0.7957,0.392,0.238,24.6325,0.0053,0.8128,0.2815,0.0364,0.3655,1.6849,47.1041,9.7,5.5,0.026650375,0.000118886,0.009732175,0.016799313,30281000.0,33.5172,49.154500000000006,11.3718,5.9562,27.931,30.721562500000005,28.4295,7.445250000000001,94.52731250000001,v,p,0.0,0.44609503618616997,36.51796644512507,63.03593476639634,99.99999624770757
Greece,Europe,2.2879,0.2116,17.6914,0.0005,7.2801,0.4539,1.026,6.3296,3.7836,12.0221,0.0596,0.1947,0.8112,0.2539,0.0243,3.1307,0.256,1.7744,0.0,0.6676,1.5237,7.9134,32.3038,27.4,2.5,0.027259135,0.001635361,0.012839922,0.012783852,10701000.0,14.1982,41.7409,8.6175,35.443400000000004,11.831833333333334,26.088062500000003,21.54375,44.30425,103.76789583333334,p,g,0.0,5.999313624588601,47.10318944456601,46.897496930845385,100.0
Grenada,North America,3.1315,0.1276,12.1319,0.0019,7.6569,0.9226,2.5802,11.0608,5.6546,2.7183,1.2873,0.1266,1.3768,0.6417,0.3171,2.2222,0.1104,5.448,0.0,0.0143,0.9959,3.6085,37.8648,20.2,5.086516853932585,0.020535714,0.0,0.016071429,0.004464286,112000.0,17.787399999999998,42.4692,14.1923,25.551,14.822833333333332,26.54325,35.48075,31.93875,108.78558333333334,f,g,0.0,0.0,78.26087274102085,21.739132128544444,100.00000486956529
Guatemala,North America,1.7037,0.0957,10.3765,0.0,15.1579,1.4676,0.2807,6.7124,3.9589,4.4093,0.0348,0.1632,0.5276,1.6504,0.0403,1.3316,0.2872,5.3058,0.0,0.198,0.8747,5.7997,39.624,18.8,15.2,0.028934645,0.0006143,0.00418065,0.024139696,17581000.0,24.498799999999996,46.2984,8.4161,20.786700000000003,20.415666666666663,28.9365,21.04025,25.983375000000002,96.37579166666666,v,g,1.0,2.123060434990649,14.448596137951581,83.4283468831223,100.00000345606453
Guinea,Africa,0.311,0.0213,3.8776,0.0,17.2911,0.1648,0.8939,7.9395,1.1561,1.4724,0.2312,0.1692,0.9506,0.3925,0.0,11.7958,0.1196,1.3368,0.0,0.0009,1.3271,4.4286,46.1202,6.6,16.5,0.030332297,0.000188247,0.016614831,0.013529219,12218000.0,31.8873,51.875899999999994,8.2505,7.9865,26.57275,32.422437499999994,20.626250000000002,9.983125000000001,89.6045625,v,p,0.0,0.620615708727895,54.7760395462302,44.603344745041895,100.0
Guinea-Bissau,Africa,2.4603,0.0423,4.9295,0.0,21.6069,0.1038,0.1666,6.366,2.2155,2.1899,0.5331,0.2114,0.328,0.2499,0.0013,8.1087,0.0167,0.7893,0.0,0.4485,1.8016,2.3642,45.0666,8.2,28.0,0.066844066,0.000425758,0.002235232,0.064183076,1879000.0,31.549300000000002,49.2324,8.8263,10.392099999999997,26.291083333333336,30.770249999999997,22.06575,12.990124999999997,92.11720833333332,v,p,0.0,0.636942103432188,3.3439497830667575,96.01910811350108,100.00000000000003
Guyana,South America,1.8708,0.0206,9.1155,0.0,9.7847,0.1038,1.7011,5.7954,2.5237,4.7277,0.3516,0.0385,1.8367,0.3907,0.1942,1.8384,0.0742,3.2325,0.0,0.0435,0.2779,15.2061,40.8722,19.2,8.1,0.01954023,0.001532567,0.008939974,0.009067688,783000.0,17.394900000000003,56.3562,7.6662,18.5825,14.495750000000001,35.222625,19.165499999999998,23.228125,92.112,v,g,0.0,7.843136953863901,45.75163137793158,46.4052265505575,99.99999488235298
Haiti,North America,1.2733,0.0402,3.5986,0.0,13.4196,0.0525,0.5064,12.0278,1.9687,0.8765,0.3309,0.1532,0.4829,2.0067,0.0022,11.48,0.3801,2.0961,0.0,0.0,0.8742,2.0302,46.3997,20.5,49.3,0.018858208,0.00039066,0.000213087,0.018254462,11263000.0,29.867600000000003,49.304100000000005,13.3011,7.527,24.889666666666667,30.8150625,33.25275,9.408750000000001,98.36622916666667,f,p,0.0,2.0715648061576157,1.1299429935230323,96.79849750305011,100.00000530273076
Honduras,North America,2.0662,0.1378,13.6048,0.0,14.1699,0.4601,0.3339,6.8464,3.508,9.0154,0.6923,0.1505,0.1749,1.3962,0.0138,0.6796,0.4686,5.9591,0.0,0.0276,1.2467,2.6599,36.3883,19.4,12.9,0.053375744,0.002175251,0.005509953,0.04569054,9746000.0,22.889699999999998,40.2949,8.9126,27.9028,19.074749999999998,25.1843125,22.281499999999998,34.8785,101.4190625,p,g,1.0,4.075354902781307,10.32295306272452,85.60169203449416,100.0
Hungary,Europe,6.7533,1.0595,20.0268,0.0007,7.5908,0.8885,0.4113,3.0852,5.2042,12.4568,0.0039,0.0052,0.0679,0.1906,0.1802,3.046,0.1031,2.5433,0.0,0.0183,0.7214,5.6788,29.9644,28.6,2.5,0.039672467,0.005383828,0.021975435,0.012313204,9770000.0,13.740199999999998,36.3646,9.8385,40.056900000000006,11.450166666666666,22.727875000000004,24.59625,50.071125,108.84541666666667,p,g,0.0,13.570691230268084,55.39215647970669,31.037152290025215,100.0
Iceland,Europe,4.7545,0.9461,23.97,0.0025,4.1196,0.5557,4.6117,4.8405,4.6269,13.0028,1.4022,0.2232,0.1759,0.0376,0.0676,1.9909,0.4626,3.9472,0.0,0.0752,0.4667,3.6874,26.0331,23.1,2.5,0.500277008,0.002770083,0.496952909,0.000554017,361000.0,10.876600000000002,30.1872,9.594999999999999,49.341100000000004,9.063833333333335,18.867,23.987499999999997,61.67637500000001,113.59470833333334,p,g,0.0,0.5537098358915588,99.33554831686368,0.110742047134015,100.00000019988924
India,Asia,0.1959,0.0028,11.3357,0.0,17.3821,0.3061,0.6499,5.4333,0.356,9.9889,0.0,0.0311,0.728,1.5709,0.3268,2.7906,0.0753,1.7471,0.0,0.1526,0.7487,7.5213,38.6568,3.8,14.5,0.013694307,0.000388538,0.006599108,0.00670666,1391885000.0,24.773400000000002,46.9268,5.6292,22.6705,20.6445,29.329250000000002,14.072999999999999,28.338125,92.38487500000001,v,f,0.0,2.8372227963050634,48.18869622245215,48.97407367893826,99.99999269769548
Indonesia,Asia,0.0794,0.0309,6.2575,0.0009,24.3918,0.4911,3.9386,5.5134,1.0316,0.5943,0.0026,0.1702,2.2113,0.0988,0.1508,4.6343,0.0406,1.8481,0.0,0.0564,0.8579,3.8558,43.7438,6.9,8.3,0.009862566,0.000600926,0.002722609,0.00653903,268419000.0,33.4321,48.4575,5.5927999999999995,12.517700000000001,27.86008333333333,30.285937500000003,13.982,15.647125,87.77514583333333,v,f,0.0,6.0929985158020745,27.605483197780373,66.30150814706842,99.99998986065086
Iran (Islamic Republic of),Asia,0.0007,0.5369,7.9295,0.002,14.0141,0.4916,0.7813,7.9235,2.3965,3.5808,0.0007,0.1405,0.054,0.4729,0.0559,3.2877,0.1299,2.198,0.0,0.6421,0.7706,12.5207,42.0701,25.5,4.9,0.180507919,0.009291988,0.141635781,0.02958015,83911000.0,20.854599999999998,55.361399999999996,7.9242,15.8598,17.378833333333333,34.600874999999995,19.8105,19.824749999999998,91.61495833333332,v,g,1.0,5.147689947054345,78.4651342637217,16.387175789223964,100.0
Iraq,Asia,0.1915,0.0423,6.2809,0.0,24.0855,1.2467,0.445,6.4975,2.5171,1.9902,0.3975,0.0396,0.3037,0.4807,0.0304,1.0842,0.1783,3.3755,0.0,0.1268,2.0139,4.9563,43.7165,27.4,29.0,0.016380056,0.000521496,0.008028491,0.007830069,39310000.0,29.665099999999995,50.6867,6.689,12.9593,24.72091666666666,31.6791875,16.7225,16.199125,89.32172916666666,v,p,1.0,3.1837253792050526,49.0138190003746,47.802455620420346,100.0
Ireland,Europe,7.5703,0.871,18.5712,0.0005,6.3057,0.4653,1.1942,3.3996,4.0102,11.9469,0.2951,0.0831,0.1733,0.1325,0.0362,3.5362,0.1855,4.0147,0.0,0.0836,0.7497,4.951,31.4242,26.9,2.5,0.505972869,0.033448066,0.447236283,0.02528852,4939000.0,14.4677,37.1249,10.969899999999999,37.43749999999999,12.056416666666667,23.203062499999998,27.424749999999996,46.79687499999999,109.48110416666665,p,g,0.0,6.61064417665446,88.39135661244319,4.9979992109023526,100.0
Israel,Asia,1.2876,0.1026,18.7463,0.0017,7.6277,0.5664,1.4696,6.3746,5.5003,10.9066,0.2602,0.2007,0.5233,0.364,0.0278,1.9975,0.2619,1.7747,0.0,0.2262,1.6743,8.8586,31.2472,26.7,2.5,0.200387369,0.003345463,0.173870173,0.023171734,8519000.0,12.8031,41.7801,7.6622,37.7544,10.669250000000002,26.112562499999996,19.1555,47.193,103.1303125,p,g,0.0,1.6694979412599602,86.76703220750404,11.563470350269432,100.00000049903343
Italy,Europe,3.1892,0.2834,19.0329,0.0005,8.5417,0.6247,1.5816,6.0207,4.2963,12.1258,0.0403,0.1194,0.1836,0.2781,0.0064,1.9043,0.2946,1.7175,0.0,0.423,1.4224,6.9463,30.9671,22.9,2.5,0.386108211,0.05537327,0.261010854,0.069724087,60345000.0,13.3492,39.3358,9.2099,38.1049,11.124333333333333,24.584875,23.02475,47.631125000000004,106.36508333333333,p,g,0.0,14.341386280438362,67.6004411623352,18.058172557226452,100.00000000000001
Jamaica,North America,2.4636,0.2074,11.9958,0.0074,8.5031,0.1457,1.8692,8.0661,4.3372,5.217,0.6952,0.2111,0.999,0.2177,0.3752,4.5837,0.1677,4.6889,0.0,0.011,0.7584,6.4772,38.0023,24.4,8.0,0.020846674,0.000320171,0.011063678,0.009462825,2811000.0,19.5463,45.237899999999996,10.5297,24.685999999999996,16.28858333333333,28.2736875,26.32425,30.857499999999995,101.74402083333331,p,g,1.0,1.5358373234982232,53.07166985006817,45.3924928264336,100.0
Japan,Asia,4.044,0.0751,15.3194,0.1088,12.1692,1.696,3.9283,2.8618,4.2599,5.063,0.2962,0.1883,0.7737,0.1287,0.1036,2.2072,0.3731,2.2055,0.228,0.0812,1.3445,7.8669,34.6776,4.4,2.5,0.013275479,0.000711682,0.011366302,0.001197496,126180000.0,18.270200000000003,43.888999999999996,6.905799999999999,30.935000000000002,15.22516666666667,27.430625,17.264499999999998,38.66875,98.58904166666667,p,g,0.0,5.36087624408882,85.61877126994816,9.020360018647915,100.00000753268489
Jordan,Asia,0.0846,0.1162,9.3186,0.0,14.138,0.3344,0.5985,4.6624,3.8651,4.2637,0.3579,0.1397,0.728,0.6393,0.0469,2.1431,0.3742,4.7276,0.0,0.1652,1.9861,10.6308,40.6798,33.4,12.2,0.007079222,8.62e-05,0.005000479,0.001992528,10439000.0,22.962299999999995,53.2967,4.747,18.9941,19.135249999999996,33.3104375,11.8675,23.742625,88.0558125,v,f,0.0,1.2176479279785264,70.63599644141688,28.14614374291412,99.99978811230953
Kazakhstan,Asia,2.1919,0.3611,19.1598,0.0,6.5119,0.4584,0.2393,3.2145,3.4501,14.3591,0.2967,0.2914,0.1154,0.0255,0.0106,5.4755,0.1319,1.456,0.0,0.0845,1.1215,10.2055,30.8394,21.3,2.5,0.058663353,0.000216111,0.029196607,0.029250635,18509000.0,13.8113,42.1664,5.4064,38.6159,11.509416666666667,26.354,13.516,48.269875000000006,99.64929166666667,p,g,0.0,0.36839183058629466,49.76975489280335,49.861853276610354,100.0
Kenya,Africa,1.9664,0.1175,11.4394,0.0,15.1221,0.1447,0.4329,4.6941,1.7336,8.7987,0.025,0.211,0.2686,1.751,0.0174,7.5828,0.223,1.8098,0.0,0.0892,0.6689,4.345,38.5589,6.0,29.4,0.003731883,0.000121733,0.000909195,0.002700955,52574000.0,26.863899999999997,43.5728,6.6605,22.902799999999996,22.38658333333333,27.233,16.65125,28.628499999999995,94.89933333333332,p,f,1.0,3.2619725752388273,24.362902052395533,72.37512537236564,100.0
"Korea, South",Asia,4.8669,0.2553,11.8174,1.6794,11.7286,0.6414,3.4396,3.6993,4.4239,1.1394,0.0,0.2378,0.5632,0.072,0.0288,0.9799,0.0945,2.4835,0.0006,0.1664,1.1663,12.3349,38.181,4.9,2.5,0.022186861,0.000522702,0.02010184,0.001562319,51846000.0,16.1175,51.682199999999995,8.5662,23.634199999999996,13.43125,32.301375,21.4155,29.542749999999995,96.69087499999999,v,g,0.0,2.3559078501460844,90.60245160412734,7.04164054572659,100.00000000000001
Kuwait,Asia,0.0044,0.0022,10.7213,0.0022,11.4132,1.3306,0.8343,5.3058,4.877,3.4788,0.8554,0.1969,0.2783,0.4353,0.202,3.2296,0.2696,2.9163,0.0276,0.1512,1.1976,12.9953,39.275,37.0,2.8,0.642809603,0.00503922,0.270644164,0.367126218,4207000.0,18.923099999999998,53.4679,5.3102,22.2987,15.769249999999998,33.417437500000005,13.275500000000001,27.873375,90.33556250000001,v,f,0.0,0.7839366394779886,42.103316866596344,57.11274633835861,99.99999984443295
Kyrgyzstan,Asia,0.6313,0.191,15.4588,0.0,10.1059,0.2653,0.07,2.2846,1.8707,12.8008,0.2076,0.2604,0.0098,0.3439,0.0197,5.8068,0.0608,3.2495,0.0,0.1449,0.355,11.3219,34.5412,15.4,7.1,0.027071395,0.000247793,0.01811987,0.008703732,6457000.0,19.741300000000003,46.21810000000001,2.9159,31.124600000000004,16.451083333333337,28.886312500000006,7.289750000000001,38.905750000000005,91.53289583333336,p,f,0.0,0.9153314781155534,66.93363973300968,32.151028788874754,99.99999999999999
Lao People's Democratic Republic,Asia,0.7883,0.0979,3.6579,0.0006,16.3943,0.1063,1.4213,8.8158,1.7111,0.1632,0.3404,0.1581,0.3584,0.1485,0.1317,3.4835,0.9869,1.1101,1.9254,0.0028,0.2149,11.641,46.3416,4.5,16.5,0.000266293,0.0,0.000224247,4.2e-05,7135000.0,24.541599999999995,58.1975,9.604099999999999,7.6568000000000005,20.45133333333333,36.3734375,24.010249999999996,9.571,90.40602083333333,v,p,0.0,0.0,84.21062513847528,15.77210065604428,99.98272579451955
Latvia,Europe,5.4573,1.1805,18.8216,0.0005,6.3952,0.6645,1.3226,2.5738,3.6559,11.8285,0.2596,0.1686,0.1107,0.0032,0.0122,6.5835,0.1963,2.6169,0.0,0.0793,0.699,6.1946,31.1757,25.7,2.5,0.055723994,0.001254574,0.038944067,0.015525353,1913000.0,15.9973,38.0693,8.0311,37.9023,13.331083333333332,23.7933125,20.077749999999998,47.377874999999996,104.58002083333332,p,g,0.0,2.2514071765925467,69.88742946171446,27.86116336169299,100.0
Lebanon,Asia,0.7164,0.0796,8.0679,0.0,11.8253,0.173,0.7091,6.9852,1.9469,5.0748,0.0747,0.0853,0.5052,0.5011,0.0406,3.2676,0.3647,5.1366,0.0,0.5271,1.4807,10.5128,41.9252,31.3,11.0,0.017794632,0.000393816,0.010385064,0.007015753,6856000.0,22.168200000000002,53.9187,7.7016,16.211299999999998,18.4735,33.6991875,19.253999999999998,20.264124999999996,91.69081249999999,v,g,1.0,2.213116854566029,58.36065617990863,39.426232585197596,100.00000561967227
Lesotho,Africa,3.4135,0.0233,6.0914,0.0,23.4645,0.1204,0.2383,1.8065,2.529,2.7893,0.3898,0.3924,0.0725,1.1603,0.1165,7.1935,0.0363,2.2079,0.0,0.0052,0.6786,3.3721,43.8988,13.5,13.1,9.41e-05,0.0,4.71e-05,4.71e-05,2125000.0,34.2567,47.9495,5.22,12.573899999999998,28.547250000000002,29.9684375,13.05,15.717374999999997,87.2830625,v,f,0.0,0.0,50.05313496280552,50.05313496280552,100.10626992561104
Liberia,Africa,1.0338,0.0264,3.7603,0.0,16.1465,0.1598,0.7764,5.3606,2.4123,0.1545,0.2997,0.2311,0.4159,0.0977,0.0013,15.3608,0.0132,1.1236,1.1804,0.0779,1.9567,3.1728,46.2383,8.6,37.2,0.005833502,0.000546891,0.003180069,0.002106542,4937000.0,34.4173,51.3678,6.3944,7.820499999999999,28.68108333333333,32.104875,15.986,9.775624999999998,86.54758333333334,v,p,0.0,9.375003214192777,54.51389234117002,36.1111044446372,100.0
Lithuania,Europe,5.5419,0.5316,23.049,0.0009,6.4732,0.7,1.5431,2.4007,3.7899,16.3529,0.0126,0.1301,0.0867,0.4388,0.0546,2.2766,0.2164,4.502,0.0,0.055,0.4924,4.4045,26.9471,28.4,2.5,0.060100466,0.002511661,0.044348762,0.013240043,2787000.0,14.1033,31.843999999999998,7.9426000000000005,46.110099999999996,11.75275,19.902499999999996,19.8565,57.63762499999999,109.14937499999999,p,g,0.0,4.179104035566048,73.79104514763662,22.029850816797328,100.0
Luxembourg,Europe,8.0858,0.5443,14.6038,0.0051,5.1366,0.7875,1.6249,4.4841,4.0469,7.4929,0.3877,0.1036,0.1658,0.0399,0.0586,2.2067,1.2823,8.1121,0.0,0.0308,0.563,4.8536,35.3838,24.2,2.5,0.648064516,0.017741935,0.618225806,0.012096774,620000.0,17.032799999999998,40.8004,12.5699,29.5967,14.193999999999999,25.50025,31.424750000000003,36.995875,108.114875,p,g,0.0,2.7376803639099414,95.39571921262234,1.8666002691620904,99.99999984569438
Madagascar,Africa,0.7972,0.0415,4.9125,0.0024,19.9604,0.077,0.6267,5.0701,1.4618,2.5031,0.0782,0.2002,0.1848,0.3708,0.0486,14.4675,0.2085,1.0922,0.5852,0.0261,0.3115,1.8871,45.0869,4.5,44.4,0.002858838,2.22e-05,0.000622937,0.002213653,26969000.0,36.9441,47.2855,5.8673,9.903400000000001,30.78675,29.5534375,14.668249999999999,12.37925,87.3876875,g,p,0.0,0.7765392792456236,21.78986707186626,77.4319146450411,99.99832099615298
Malawi,Africa,1.1827,0.0814,2.7754,0.0,10.6197,0.0829,0.697,8.4723,1.4923,0.2524,0.0396,0.1695,0.5436,1.1841,0.0139,20.2901,0.0389,0.6412,0.0,0.0161,0.204,3.9786,47.2242,4.7,17.5,0.001524505,2.15e-05,0.000225455,0.001277578,18629000.0,33.34759999999999,51.406800000000004,9.655000000000001,5.5905,27.789666666666662,32.129250000000006,24.137500000000003,6.988124999999999,91.04454166666667,v,p,0.0,1.4102938330802457,14.788734704051478,83.80280812460438,100.0018366617361
Malaysia,Asia,0.8948,0.0882,12.6354,0.0204,17.3088,1.6596,5.3482,4.1713,4.9092,0.53,0.1541,0.0789,0.5801,0.2617,0.4502,1.6568,0.1012,3.903,0.0,0.0835,1.6336,6.1678,37.3632,15.3,2.5,0.023872622,0.000351113,0.019396696,0.004124813,32753000.0,24.3453,45.1646,5.0661,25.424000000000003,20.287750000000003,28.227875,12.66525,31.78,92.960875,p,f,0.0,1.4707768589474588,81.25079850885253,17.278424632200014,100.0
Maldives,Asia,0.6859,0.0029,14.2704,0.0068,11.5385,1.1422,8.7959,6.0777,2.0051,2.3155,3.0315,0.0019,0.2082,0.0808,0.3434,1.6403,0.396,2.979,0.1002,0.7569,0.1819,7.718,35.7208,7.9,10.3,0.331401869,0.000934579,0.084672897,0.245794393,535000.0,18.043300000000006,43.6207,6.7636,31.572200000000002,15.03608333333334,27.2629375,16.909000000000002,39.465250000000005,98.67327083333333,p,g,0.0,0.2820077638125813,25.54991535065845,74.16807688552896,100.0
Mali,Africa,2.8904,0.0444,10.1637,0.0,19.8566,0.0573,0.7543,3.8991,1.9124,7.1206,0.1841,0.2746,0.491,0.7955,0.0638,2.6772,0.0614,0.8811,0.0,0.2374,0.5144,7.2943,39.8262,7.1,6.3,0.006435039,0.000391698,0.003642283,0.002401058,19658000.0,25.064,47.6349,6.7895,20.511400000000002,20.886666666666667,29.7718125,16.973750000000003,25.639250000000004,93.27147916666667,v,f,1.0,6.086956116349877,56.60079138603511,37.31225249761501,100.0
Malta,Europe,3.9051,0.2062,13.6092,0.0017,7.8996,0.6714,1.7922,4.631,4.6096,6.2546,0.0315,0.0747,0.2899,0.2197,0.0331,2.059,0.2101,5.2164,0.0,0.1236,0.486,11.2856,36.3899,31.0,2.5,0.1236,0.0018,0.1068,0.015,500000.0,16.0514,48.1615,8.536100000000001,27.2511,13.376166666666666,30.100937499999997,21.34025,34.063874999999996,98.88122916666666,p,g,0.0,1.4563106796116503,86.40776699029126,12.135922330097086,100.0
Mauritania,Africa,0.0055,0.1127,15.0193,0.0,20.4873,0.2539,1.0025,1.2991,3.3994,9.825,0.7519,0.4279,0.0799,1.0999,0.0066,1.0168,0.3677,4.3166,0.0,0.0,1.5716,3.9784,34.9779,11.3,10.4,0.011710119,0.000508175,0.000596553,0.010605391,4526000.0,27.3748,40.5279,1.3046,30.7926,22.812333333333335,25.3299375,3.2615,38.49075,89.89452083333333,p,f,0.0,4.339622850971882,5.094337640804504,90.56603950822361,100.0
Mauritius,Africa,3.0805,0.0074,9.27,0.0102,17.1855,0.591,2.1303,3.568,4.6992,1.7166,1.0545,0.1173,0.4479,0.856,0.1847,1.8348,0.1625,3.568,0.0,0.0369,2.049,6.7122,40.7175,11.5,6.5,0.026461295,0.000789889,0.025434439,0.000236967,1266000.0,24.276300000000006,49.4787,6.6485,19.5965,20.230250000000005,30.9241875,16.62125,24.495624999999997,92.2713125,v,f,1.0,2.9850731039429474,96.11940383114282,0.8955230649142455,100.00000000000001
Mexico,North America,4.4105,0.1672,15.1527,0.0201,11.4325,1.2967,0.9656,7.6794,4.3561,7.9917,0.0275,0.3552,0.1947,0.7071,0.1121,1.1644,0.0248,3.2266,0.0,0.1121,0.6856,5.0713,34.8456,28.4,3.6,0.071627547,0.007845027,0.050381981,0.013400539,126577000.0,16.974300000000003,40.6025,12.0899,30.3328,14.145250000000004,25.3765625,30.22475,37.916,107.6625625,p,g,0.0,10.952527803304502,70.3388334658452,18.708638730850296,100.0
Mongolia,Asia,3.143,0.3846,25.8904,0.0,10.1415,0.3727,0.044,1.0413,8.0929,15.856,0.5962,1.1411,0.0266,0.0366,0.0037,2.6155,0.1401,1.468,0.0,0.0137,0.555,4.3326,24.1046,19.6,13.4,0.005475681,0.0,0.001345977,0.004129703,3269000.0,14.445700000000002,28.9922,4.1842999999999995,52.377900000000004,12.038083333333335,18.120125,10.460749999999999,65.472375,106.09133333333332,p,f,0.0,0.0,24.580997322524816,75.41898441490657,99.9999817374314
Montenegro,Europe,2.2188,0.2067,22.8328,0.0014,5.0447,0.5542,0.6472,5.7297,3.3604,17.9487,0.847,0.1132,0.0865,0.2113,0.0175,1.1955,0.2605,6.0418,0.0,0.0948,0.4258,5.0001,27.1612,24.9,2.5,0.052090032,0.001446945,0.050643087,0.0,622000.0,12.9526,32.5871,7.9485,46.5116,10.793833333333334,20.3669375,19.87125,58.1395,109.17152083333333,p,g,0.0,2.77777713786008,97.22222286213993,0.0,100.00000000000001
Morocco,Africa,0.287,0.1449,8.4754,0.0,18.7029,0.4848,1.3901,7.211,2.5074,3.754,0.0079,0.1949,0.1892,0.3306,0.1185,3.4356,0.2042,2.6816,0.0,0.2549,0.8168,7.286,41.5224,25.6,3.4,0.021937786,0.000576053,0.015339871,0.006021862,35587000.0,25.9175,49.6252,7.498,16.959400000000002,21.597916666666666,31.015749999999997,18.745,21.199250000000003,92.55791666666667,v,f,1.0,2.6258483877999357,69.92442628440263,27.449725327797438,100.0
Mozambique,Africa,1.2195,0.0297,4.0111,0.0,13.1904,0.1932,1.1353,2.8312,0.9302,1.6385,0.1565,0.0852,0.1258,1.2809,0.004,22.2864,0.105,1.0649,0.0,0.2011,0.7509,2.7738,45.9864,6.0,27.9,0.000836462,6.59e-06,0.000299677,0.000530198,30366000.0,38.2585,49.511100000000006,4.0507,8.1797,31.882083333333334,30.944437500000006,10.12675,10.224625000000001,83.17789583333334,g,f,0.0,0.787842125523933,35.82673211694016,63.385784411007315,100.00035865347141
Namibia,Africa,5.4716,0.1134,9.6094,0.0053,9.9189,0.1196,1.0164,3.1266,2.6844,5.4479,0.7228,0.2207,0.0818,0.7298,0.1266,12.8231,0.0888,3.9848,0.0009,0.0114,0.9531,2.3626,40.38,15.0,27.3,0.000961924,0.0,0.000561122,0.000400802,2495000.0,27.766099999999998,43.6957,8.598199999999999,19.9399,23.138416666666664,27.309812500000003,21.495499999999996,24.924875,96.86860416666666,v,f,1.0,0.0,58.33329868056105,41.66670131943896,100.0
Nepal,Asia,0.3318,0.0312,5.4355,0.0,18.1511,0.1435,0.205,4.7443,0.9817,3.9212,0.0594,0.1536,0.0594,0.9107,0.4195,6.0521,0.0319,0.547,3.0677,0.0978,0.8209,9.277,44.5576,3.8,8.7,0.005494774,2.8e-05,0.000768989,0.004697822,28609000.0,29.337199999999996,54.6555,5.0761,10.9311,24.447666666666663,34.159687500000004,12.69025,13.663875,84.96147916666668,v,f,0.0,0.5095750980841068,13.994915896449973,85.49618237255982,100.0006733670939
Netherlands,Europe,4.3903,0.3343,24.2977,0.0111,4.9685,0.747,1.1517,4.923,4.0105,18.0051,0.0,0.0397,0.1111,0.0852,0.064,4.2639,0.2904,2.3446,0.0,0.1587,0.8485,3.2587,25.6959,23.1,2.5,0.269079896,0.03446784,0.001026824,0.233585232,17335000.0,12.286399999999999,29.8031,9.3133,48.5971,10.238666666666665,18.6269375,23.28325,60.746375,112.89522916666667,p,g,0.0,12.809518850118778,0.38160561798344084,86.80887553189778,100.0
New Zealand,Australia,5.222,0.7446,17.5777,0.017,7.7522,0.7067,1.6771,4.0202,6.8421,7.4627,0.0,0.1275,0.3296,0.2414,0.0495,3.3719,0.2374,3.8188,0.0109,0.1499,0.5364,6.6889,32.4155,32.0,2.5,0.030243314,0.000442389,0.029780816,2.01e-05,4973000.0,15.961599999999999,39.6408,9.2422,35.15539999999999,13.301333333333332,24.7755,23.1055,43.94424999999999,105.12658333333331,p,g,0.0,1.462766282822048,98.47074298802043,0.06646097051401179,99.9999702413565
Nicaragua,North America,1.7194,0.0836,13.1538,0.003,16.8052,0.549,0.6557,3.8377,3.1044,8.5527,0.6658,0.2055,0.3354,1.3618,0.006,1.9118,0.005,5.7021,0.0,0.003,0.9227,3.5808,36.8356,21.8,17.0,0.011594867,0.000534678,0.005652307,0.005407883,6546000.0,26.1303,41.3391,5.5571,26.973500000000005,21.77525,25.8369375,13.892750000000001,33.71687500000001,95.22181250000001,p,f,0.0,4.611333618574495,48.74835563012495,46.64031937580655,100.000008624506
Niger,Africa,0.0558,0.1185,7.2385,0.0,22.2843,0.0239,0.2022,2.5503,1.2702,5.4224,0.0687,0.2022,1.4804,3.4838,0.0807,1.3489,0.0349,0.3666,0.0,0.0,0.3975,10.6117,42.7585,4.7,16.5,0.004109648,0.000274548,0.003599159,0.00023594,23311000.0,29.0796,53.7677,2.6061,14.5466,24.233,33.604812499999994,6.51525,18.18325,82.5363125,v,f,0.0,6.680572156058136,87.57827921028762,5.741124300670034,99.99997566701579
Nigeria,Africa,4.0037,0.0151,1.7391,0.0,10.922,0.1976,0.7239,4.4268,0.5675,0.173,0.0437,0.0627,0.4763,0.8311,0.1715,19.5271,0.0064,0.6501,0.0,0.0841,0.8573,6.2627,48.2585,7.8,13.4,0.005056627,0.000142812,0.001496288,0.003417528,200964000.0,32.6686,55.378499999999995,8.4305,3.5225999999999997,27.22383333333333,34.6115625,21.07625,4.40325,87.31489583333332,v,p,0.0,2.8242541915786945,29.59063423107933,67.58513135337053,100.00001977602855
North Macedonia,Europe,1.9045,0.3784,12.0639,0.0,7.3937,0.2847,0.3507,5.0893,2.0683,8.8045,0.2959,0.1773,0.3253,0.2847,0.1288,3.6779,0.2474,2.9104,0.0,0.1796,0.9505,14.5512,37.933,23.9,3.2,0.107122233,0.006400385,0.074687199,0.026034649,2078000.0,15.147800000000004,53.4347,6.9938,24.4237,12.623166666666668,33.3966875,17.4845,30.529625,94.03397916666667,v,g,0.0,5.974842776102324,69.72147322582418,24.303683998073492,100.0
Norway,Europe,3.7939,0.6119,21.1992,0.0005,5.9777,0.6194,2.7466,4.2801,3.6083,13.5227,3.6634,0.0893,0.3113,0.3204,0.0235,2.8097,0.4819,2.2652,0.0,0.099,0.8697,3.9131,28.7933,25.0,2.5,0.157904584,0.004415341,0.144565014,0.008924228,5345000.0,12.2887,33.5761,8.074,46.0613,10.240583333333333,20.985062499999998,20.185,57.57662500000001,108.98727083333334,p,g,0.0,2.7962082468739475,91.55213252073797,5.651658599094248,99.99999936670616
Oman,Asia,0.2621,0.0571,13.5101,0.0,9.6835,0.5741,2.0105,9.787,3.0531,7.6265,0.0423,0.1888,0.1338,0.2776,0.2297,1.6984,0.1395,2.5903,0.0077,0.0521,0.6995,10.8902,36.486,22.9,6.8,0.243599574,0.001043663,0.057124601,0.18543131,4695000.0,14.8126,48.0757,10.049100000000001,27.0625,12.343833333333333,30.0473125,25.122750000000003,33.828125,101.34202083333334,p,g,0.0,0.4284338362595002,23.450205623101787,76.1213605406387,100.0
Pakistan,Asia,0.0085,0.0969,22.2758,0.0011,14.6224,0.3577,0.1831,2.4099,1.7957,19.6466,0.0117,0.1969,0.3577,0.6993,0.1618,1.8202,0.5258,2.6707,1.7915,0.0852,0.3417,2.2173,27.7226,7.8,20.3,0.032090135,0.000684783,0.011669014,0.019736338,216565000.0,22.7346,30.2816,2.4184,44.5655,18.945500000000003,18.926000000000002,6.046,55.706875,99.624375,p,f,0.0,2.133936176959056,36.36324371960417,61.502820103436775,100.0
Panama,North America,6.6254,0.2467,12.3346,0.0031,14.2627,0.4604,1.005,6.6783,4.98,5.353,0.7431,0.2873,0.4589,0.4129,0.0153,1.3758,0.1195,4.2277,0.0,0.036,0.7645,1.948,37.6619,22.5,10.0,0.319104053,0.007963973,0.225503674,0.085636407,4219000.0,20.9088,40.3744,13.3037,25.4132,17.424,25.234,33.259249999999994,31.766499999999997,107.68374999999999,f,g,1.0,2.4957291908793144,70.66775613783884,26.83651498465925,100.0000003133774
Paraguay,South America,3.9095,0.2191,11.2654,0.0,7.5639,0.9035,0.3119,5.4532,4.0434,5.3208,0.1788,0.4675,0.2745,0.6185,0.0082,12.5302,1.0112,2.4084,0.0,0.0015,1.0733,3.7113,38.726,19.0,10.7,0.013778647,0.000153717,0.006665735,0.006959195,7156000.0,24.4164,43.5106,9.3627,22.710399999999996,20.346999999999998,27.194124999999996,23.406750000000002,28.387999999999998,99.33587499999999,p,g,1.0,1.1156175203559537,48.37728261708134,50.5070998625627,100.0
Peru,South America,3.8623,0.0316,8.6638,0.0014,11.814,0.6431,1.7993,8.5783,1.754,4.0729,0.0719,0.3629,0.2458,0.6367,0.0172,8.7924,0.2501,1.7339,0.0,0.023,0.5066,4.8044,41.3344,19.1,9.7,0.517529341,0.014178283,0.211472263,0.291878796,31781000.0,23.513099999999998,46.6454,12.4406,17.4009,19.59425,29.153375000000004,31.101499999999998,21.751125,101.60025,f,g,1.0,2.7396095016765436,40.86188864024233,56.39850205130688,100.00000019322574
Philippines,Asia,1.9716,0.3074,6.7108,0.0,20.0498,0.3527,2.4506,8.5466,3.2257,0.1045,0.1925,0.2717,0.5425,0.1106,0.034,2.8773,0.5399,2.3774,0.0,0.1838,0.4119,5.4481,43.2905,6.0,13.3,0.016728174,0.000885152,0.003615528,0.012227494,108117000.0,26.715300000000006,49.1505,10.5182,13.6159,22.262750000000008,30.7190625,26.2955,17.019875000000003,96.2971875,v,p,1.0,5.291384463121917,21.613405025557483,73.0952105113206,100.0
Poland,Europe,6.8201,0.9842,16.559,0.0,7.9033,0.3702,0.5845,3.0079,4.85,9.7542,0.0,0.017,0.0798,0.1099,0.0202,5.5631,0.1509,2.4775,0.0,0.0476,0.3959,6.8655,33.439,25.6,2.5,0.061942708,0.002770833,0.029351563,0.029820313,38400000.0,16.3523,40.7004,9.828,33.11910000000001,13.626916666666666,25.437750000000005,24.569999999999997,41.39887500000001,105.03354166666668,p,g,0.0,4.47321902684655,47.38501745839074,48.14176512915774,100.00000161439503
Portugal,Europe,4.7147,0.4077,18.6614,0.0005,6.2984,0.4053,2.7295,6.5126,4.5168,10.3936,0.1393,0.2079,0.0965,0.1618,0.0173,3.106,0.2684,1.7316,0.0,0.2319,0.7246,7.3366,31.3374,23.2,2.5,0.316486513,0.013730646,0.189005745,0.113750122,10269000.0,11.9119,39.3986,11.2273,37.462,9.926583333333333,24.624125000000003,28.06825,46.82750000000001,109.44645833333334,p,g,0.0,4.338461651918798,59.719999821919735,35.94153852616145,99.99999999999999
Republic of Moldova,Europe,3.8296,0.4339,16.5343,0.0,11.6462,0.6795,0.991,3.4256,3.2622,10.9992,0.5083,0.1694,0.0616,0.0642,0.0068,3.9066,0.083,2.6632,0.0,0.018,0.825,6.4285,33.464,20.1,5.086516853932585,0.232881739,0.008326277,0.129297206,0.095258256,3543000.0,18.449600000000004,40.7175,7.2552,33.5778,15.37466666666667,25.448437499999997,18.138,41.97225,100.93335416666667,p,g,0.0,3.575324126208109,55.520542982547894,40.904132891244,100.0
Romania,Europe,4.7679,0.3474,15.9287,0.0,8.0412,0.6848,0.2844,4.2115,3.0499,11.4018,0.2567,0.1594,0.0974,0.1045,0.1274,4.713,0.1398,1.4126,0.0,0.1093,0.7301,9.3641,34.0679,24.5,2.5,0.099462838,0.006538918,0.068467538,0.024456381,19361000.0,14.745199999999999,44.1621,8.9794,32.1131,12.287666666666667,27.601312500000002,22.4485,40.141375000000004,102.47885416666668,p,g,0.0,6.5742322775869315,68.83730584884377,24.58846086816867,99.99999899459937
Russian Federation,Europe,3.7425,0.2486,16.1525,0.0023,8.2803,0.9029,1.1312,3.162,4.318,9.3253,0.0118,0.2249,0.1319,0.1426,0.0118,6.3194,0.1809,4.6144,0.0,0.0118,0.8663,6.3713,33.8472,25.7,2.5,0.276589814,0.00319837,0.117141572,0.156249872,146731000.0,19.6931,41.0848,6.9045000000000005,32.317499999999995,16.410916666666665,25.678,17.26125,40.396874999999994,99.74704166666666,p,g,0.0,1.1563585635152855,42.35209182359839,56.491549612886324,100.0
Rwanda,Africa,1.3631,0.0186,2.6366,0.0,3.538,0.0269,0.5279,15.7285,0.6257,1.3521,0.0283,0.0855,0.2233,2.5036,0.0179,20.4415,0.011,0.5782,0.0,0.0,0.2109,2.7193,47.3634,4.8,36.8,0.002930229,7.92e-06,0.002027402,0.000894908,12627000.0,27.313499999999998,50.2936,17.0916,5.3016,22.761249999999997,31.4335,42.729,6.627,103.55075,f,p,0.0,0.2702860424901945,69.18919988847288,30.540548196062495,100.00003412702557
Saint Kitts and Nevis,North America,4.0867,0.1735,14.0252,0.0,6.3135,0.3868,3.4174,7.5449,7.8207,1.895,1.5442,0.3318,0.947,0.5422,0.0901,2.715,0.0749,6.4623,0.0,0.0673,1.385,4.209,35.9677,23.1,5.086516853932585,0.028301887,0.0,0.028301887,0.0,53000.0,17.2123,41.5617,11.6316,29.5946,14.343583333333331,25.9760625,29.079,36.99325,106.39189583333334,p,g,0.0,0.0,100.0,0.0,100.0
Saint Lucia,North America,7.8024,0.0252,14.8893,0.0009,7.2091,0.3326,3.0652,5.9453,8.17,2.8881,1.6054,0.4063,0.6274,0.5663,0.178,2.6427,0.0602,3.7043,0.0,0.0575,0.6103,4.1169,35.0964,19.8,5.086516853932585,0.01,0.0,0.01,0.0,180000.0,15.045499999999999,39.8236,13.747699999999998,31.383,12.537916666666666,24.88975,34.369249999999994,39.22875,111.02566666666667,p,g,0.0,0.0,100.0,0.0,100.0
Saint Vincent and the Grenadines,North America,2.526,0.022,11.0865,0.0,9.0142,0.3412,1.3785,10.471,6.9184,2.2593,1.9325,0.1672,0.1049,0.6452,0.2113,4.3734,0.2933,3.4592,0.0,0.0357,0.7227,5.1371,38.9005,23.8,5.7,0.023423423,0.0,0.013513514,0.00990991,111000.0,18.1372,44.7603,12.997,24.105600000000003,15.114333333333333,27.975187499999997,32.4925,30.132000000000005,105.71402083333334,f,g,1.0,0.0,57.692310812130245,42.30769345710061,100.00000426923086
Sao Tome and Principe,Africa,1.5187,0.022,4.1199,0.0,7.3796,0.0562,2.3033,18.2736,1.2054,0.5152,0.424,0.0187,9.9865,0.3109,0.0293,3.7154,0.0073,2.5939,0.0,0.0024,0.7805,0.857,45.8801,10.6,7.0,0.234466019,0.005825243,0.033009709,0.195631068,206000.0,24.0253,47.5176,19.792299999999997,8.6647,20.021083333333333,29.6985,49.48074999999999,10.830874999999999,110.03120833333332,f,p,0.0,2.484472174195955,14.078675085109026,83.43685316719605,100.00000042650103
Saudi Arabia,Asia,0.0,0.3917,12.9962,0.0,16.3284,0.6003,1.0369,7.0413,4.9529,5.8598,0.669,0.1547,0.1492,0.4768,0.2434,1.4542,0.205,2.8571,0.0009,0.1135,1.7626,5.7024,37.0038,35.0,7.1,0.249170027,0.001469987,0.182482904,0.065217137,34218000.0,21.8285,44.4688,7.0413,26.6615,18.190416666666664,27.793,17.60325,33.326875,96.91354166666666,p,f,1.0,0.5899533815116536,73.23629820050547,26.17374881931525,100.00000040133237
Senegal,Africa,0.3209,0.0353,5.3434,0.0,25.9204,0.1878,2.0588,2.3456,1.6081,1.2496,0.0148,0.206,0.7637,0.4712,0.0717,2.6177,0.1161,2.0941,0.0,0.1047,1.9325,7.8951,44.6423,7.4,11.3,0.022367452,0.000257732,0.011051792,0.011057928,16296000.0,32.1596,54.469899999999996,2.6665,10.7038,26.799666666666667,34.0436875,6.66625,13.379749999999998,80.88935416666666,v,f,0.0,1.1522635658277036,49.410151858155324,49.437584576016974,100.0
Serbia,Europe,4.392,0.2524,16.7466,0.0,9.7485,0.6322,0.4148,5.9753,3.5893,11.619,0.0067,0.2389,0.1322,0.1805,0.0242,2.545,0.243,2.0255,0.0007,0.1268,0.4644,7.3941,33.2476,23.5,5.7,0.164319654,0.00349892,0.096443485,0.06437725,6945000.0,15.0264,41.1061,10.3673,33.499900000000004,12.522,25.691312499999995,25.918249999999997,41.874875,106.00643749999999,p,g,0.0,2.129337492397592,58.69260472030935,39.178058395862976,100.0000006085699
Sierra Leone,Africa,0.3009,0.0067,5.6877,0.0,19.9349,0.1343,2.5044,3.2119,0.7837,2.1711,0.2504,0.0857,0.5999,0.8913,0.0638,12.4228,0.0762,0.6323,0.0,0.1,1.276,4.5526,44.3138,7.5,25.6,0.011020095,0.000588762,0.005810828,0.004620504,7813000.0,34.7212,50.1424,3.5128,11.624,28.934333333333335,31.339,8.782,14.530000000000001,83.58533333333334,v,f,0.0,5.342621819503371,52.729382096978284,41.927987009186396,99.99999092566804
Slovakia,Europe,6.1266,1.3559,18.9841,0.0,5.4026,0.939,0.7045,3.5463,4.3096,11.4696,0.029,0.2055,0.2055,0.0973,0.0421,3.6814,0.2513,5.5166,0.0,0.1118,1.438,4.5601,31.0231,22.4,3.4,0.027887789,0.000513385,0.025045838,0.002328566,5454000.0,15.3086,37.0212,9.6729,37.99720000000001,12.757166666666667,23.13825,24.18225,47.49650000000001,107.57416666666667,p,g,0.0,1.840895310847339,89.80933554825734,8.34976914089532,100.0
Slovenia,Europe,4.9933,1.1248,18.9196,0.0005,7.6345,0.5376,0.6515,6.4367,4.161,12.2569,0.6133,0.1879,0.1285,0.1106,0.0561,2.6837,0.2615,2.4915,0.0,0.1972,0.4739,5.002,31.0774,22.5,2.5,0.070545977,0.005172414,0.065038314,0.000335249,2088000.0,13.5636,36.5533,11.43,38.4531,11.302999999999999,22.8458125,28.575,48.066375,110.7901875,p,g,0.0,7.331975854555109,92.19280356695606,0.4752205784888343,100.0
South Africa,Africa,6.2658,0.0593,11.8433,0.0009,17.1035,0.594,0.5365,1.9355,5.3933,4.8155,0.0009,0.4448,0.2462,0.1546,0.0539,2.8503,0.1321,4.4677,0.0,0.0108,1.1726,3.7632,38.1554,27.0,6.2,0.055757814,0.001165211,0.028676471,0.025916132,58616000.0,25.0191,43.0912,8.2013,23.6885,20.84925,26.932000000000002,20.50325,29.610625000000002,97.89512500000001,p,f,1.0,2.0897716685951853,51.43040758376933,46.47982074763548,100.0
Spain,Europe,5.3152,0.2357,18.3382,0.0011,6.0548,0.7321,2.2646,4.8332,5.3456,9.5991,0.0,0.1605,0.265,0.2666,0.0069,3.0975,0.2229,1.8482,0.0,0.4287,1.5122,7.8139,31.6581,27.1,2.5,0.508739617,0.057627515,0.319452765,0.131659338,47073000.0,12.190599999999998,40.9842,10.148399999999999,36.6769,10.158833333333332,25.615125,25.371,45.846125,106.99108333333334,p,g,0.0,11.327506857009721,62.79297981230347,25.879513527251007,100.0000001965642
Sri Lanka,Asia,0.681,0.0147,5.5328,0.0039,20.7839,0.4178,3.0173,4.1171,0.8845,1.0948,0.0303,0.0998,7.1364,0.9608,0.5244,1.9793,0.2818,2.7209,0.0,0.135,0.2466,4.8753,44.4618,5.4,9.0,0.007457302,4.57e-05,0.003657868,0.003753767,21898000.0,34.522499999999994,49.58369999999999,4.7981,11.095899999999999,28.768749999999994,30.989812499999996,11.995249999999999,13.869874999999999,85.62368749999997,v,f,0.0,0.6128221708065463,49.05082293837637,50.336797410108915,100.00044251929182
Sudan,Africa,0.0,0.0958,13.1178,0.0,12.9192,0.1176,0.1018,7.0919,2.1133,10.4116,0.0741,0.2796,0.492,1.0631,0.0405,1.9167,0.1502,3.1231,0.7262,0.0,0.9366,8.3477,36.8813,7.4,20.1,0.011739425,0.000668021,0.003323757,0.007747647,42813000.0,20.431,46.165600000000005,7.0919,26.311600000000002,17.025833333333335,28.853500000000004,17.72975,32.889500000000005,96.49858333333333,p,g,1.0,5.6904064722079655,28.31277511462444,65.9968184131676,100.0
Suriname,South America,4.1704,0.0438,6.7984,0.0,13.9476,0.5407,1.4348,8.6872,3.6451,1.0789,1.2414,0.0576,0.6757,0.1719,0.0224,2.4553,0.0903,4.7051,0.3207,0.0155,1.3351,5.3705,43.1917,26.5,8.5,0.003820598,0.000166113,0.001495017,0.002159468,602000.0,22.4045,49.897299999999994,12.857600000000001,14.8407,18.670416666666664,31.185812499999997,32.144000000000005,18.550875,100.55110416666668,f,p,1.0,4.347827224952742,39.13044502457468,56.521727750472564,100.0
Sweden,Europe,4.4232,1.0442,24.0627,0.0,6.1923,0.7266,1.7659,3.5405,4.1476,16.3687,0.4623,0.0086,0.1712,0.0937,0.0484,2.8343,0.5533,2.5211,0.0,0.0996,0.3967,4.611,25.9282,22.1,2.5,0.364981528,0.04272798,0.048327824,0.273925724,10286000.0,12.513900000000001,30.9359,7.963699999999999,48.586600000000004,10.428250000000002,19.3349375,19.909249999999997,60.733250000000005,110.4056875,p,g,0.0,11.70688835518273,13.241169838052736,75.05194180676453,100.0
Switzerland,Europe,4.9978,0.4802,22.4227,0.0022,5.9818,0.5377,0.9109,4.6041,3.6314,16.706,0.0,0.1549,0.1124,0.0995,0.0382,2.1542,0.3727,2.9737,0.0,0.2377,1.0637,4.9478,27.5705,21.2,2.5,0.360032664,0.022398507,0.332477835,0.005156323,8572000.0,11.970199999999998,33.582,9.6019,44.846,9.975166666666665,20.98875,24.00475,56.05749999999999,111.02616666666665,p,g,0.0,6.221243025882785,92.34657525407195,1.4321819977978443,100.00000027775258
Taiwan*,Asia,2.7663,0.1577,12.1312,0.0281,10.0808,1.09,2.3182,8.3904,6.0558,2.3299,0.1874,0.1507,1.0736,0.2077,0.1023,0.8565,0.1374,2.3455,0.2826,0.4185,1.8271,9.1938,37.8684,22.294047619047618,3.5,0.001873437,2.97e-05,0.001792905,5.09e-05,23593000.0,15.504900000000001,48.8893,11.1567,24.448999999999998,12.92075,30.555812500000002,27.891750000000005,30.561249999999994,101.9295625,p,g,0.0,1.585321524022425,95.70137666759011,2.7169315007657047,100.00362969237824
Tajikistan,Asia,0.1423,0.0018,7.2363,0.0,13.3691,0.2255,0.0342,3.7863,1.5221,5.2373,0.2089,0.2144,0.1349,0.2486,0.0305,2.9278,0.0555,1.6607,0.0,0.0582,0.8419,19.2995,42.7642,12.6,5.086516853932585,0.042620106,0.000509706,0.021733001,0.020377399,9221000.0,18.485299999999995,62.9056,3.9286000000000003,14.6805,15.404416666666663,39.316,9.8215,18.350625,82.89254166666666,v,f,0.0,1.1959285131763868,50.99236731133423,47.81170417548938,100.0
Thailand,Asia,3.6223,0.0902,7.7828,0.0325,17.5571,1.1143,2.6297,8.3291,2.4675,1.3279,0.009,0.1199,1.2775,0.2344,0.6626,1.8887,0.1262,4.0424,0.0,0.0938,0.7816,3.5962,42.2145,10.8,7.8,0.004641878,8.59e-05,0.004464097,9.19e-05,66374000.0,25.882700000000003,46.5923,11.9514,15.573799999999999,21.568916666666667,29.1201875,29.878499999999995,19.467249999999996,100.03485416666665,f,p,1.0,1.850544111672043,96.17006306499223,1.979802140426784,100.00040931709106
Timor-Leste,Asia,0.4459,0.0897,5.4983,0.0,26.332,0.1025,1.0225,2.1027,4.0376,0.1307,0.8905,0.1153,0.5612,0.9098,0.05,5.5022,1.0136,2.8203,0.0,0.0013,0.6842,3.1867,44.503,2.9,24.9,0.001856148,0.0,0.001856148,0.0,1293000.0,37.190400000000004,48.3739,2.5486,11.887099999999998,30.992000000000004,30.233687500000002,6.371499999999999,14.858875,82.4560625,g,f,0.0,0.0,100.0,0.0,100.0
Togo,Africa,1.0144,0.0292,3.6702,0.0,15.8144,0.1067,1.3178,0.91,1.4133,0.7246,0.7448,0.0775,0.4718,1.7626,0.0595,20.0654,0.0843,1.8312,0.0,0.0,1.4099,2.1637,46.3287,7.1,16.1,0.005468943,0.000160851,0.00261074,0.002697352,8082000.0,40.0892,49.9023,1.9243999999999999,8.084100000000001,33.407666666666664,31.188937499999998,4.811,10.105125000000001,79.51272916666666,g,f,0.0,2.9411716304229167,47.73756098756194,49.32126738201513,99.99999999999999
Trinidad and Tobago,North America,2.4881,0.2804,12.7835,0.0,13.0903,0.4044,2.3299,4.9733,6.7063,2.8789,0.2413,0.1837,1.2016,0.8939,0.2305,3.5148,0.0899,5.62,0.0,0.0928,1.2563,3.5256,37.2145,19.7,5.5,0.008590308,0.000587372,0.007929515,7.34e-05,1362000.0,24.7338,41.9964,7.4614,25.808400000000002,20.6115,26.247750000000003,18.6535,32.2605,97.77325000000002,p,f,1.0,6.837612807363834,92.30769141222876,0.8544513188584157,99.99975553845101
Tunisia,Africa,0.7037,0.2083,9.6312,0.0,12.0523,0.4508,0.7615,5.4307,1.6411,6.4775,0.0116,0.0926,0.2031,0.4311,0.1065,1.7724,0.1979,2.0832,0.0,0.3489,1.2551,15.7731,40.3673,27.3,4.3,0.009232748,0.000411487,0.008229747,0.000591513,11665000.0,17.195400000000003,57.3955,6.134399999999999,19.2746,14.329500000000003,35.872187499999995,15.336,24.093249999999998,89.6309375,v,g,0.0,4.456820439591766,89.136484608916,6.406684120480706,99.99998916898848
Turkey,Asia,0.6474,0.1459,12.3156,0.0,9.708,0.3956,0.2582,6.8321,2.0694,9.3619,0.0101,0.0857,0.272,0.682,0.1251,2.4947,0.2002,1.7004,0.0,0.4664,1.0174,13.5284,37.6836,32.2,2.5,0.198460179,0.005495902,0.154917864,0.038046413,82607000.0,15.648800000000001,52.2294,7.4795,24.6424,13.040666666666667,32.643375,18.69875,30.802999999999997,95.18579166666666,v,g,0.0,2.7692719152490537,78.0599235476856,19.170804537065344,100.0
Uganda,Africa,6.1671,0.0352,5.6473,0.0,6.748,0.0815,1.0442,11.3112,0.8978,3.4755,0.0371,0.113,0.6338,2.3942,0.012,12.361,0.013,1.2601,0.0,0.0,0.744,2.6703,44.3536,4.1,41.0,0.000941947,0.0,0.000162638,0.000779309,44270000.0,23.422100000000004,47.7679,17.478299999999997,11.3316,19.518416666666667,29.854937500000002,43.69575,14.164499999999999,107.23360416666668,f,p,0.0,0.0,17.26615191725224,82.73384808274774,99.99999999999999
Ukraine,Europe,2.625,0.1753,13.1214,0.0006,9.3613,0.8434,0.6821,2.9418,2.7425,8.5442,0.007,0.1339,0.0175,0.1099,0.0111,7.6721,0.0883,3.8811,0.0,0.0807,0.647,9.4361,36.8777,26.1,3.5,0.056312296,0.001684231,0.022689535,0.03193853,42037000.0,21.222,46.9608,5.566800000000001,26.250400000000003,17.685000000000002,29.3505,13.917000000000002,32.813,93.7655,p,f,0.0,2.9908760956932037,40.29232798463767,56.716795919669124,100.0
United Arab Emirates,Asia,0.0,0.1896,10.5491,0.0,12.906,0.5958,1.9682,8.1938,4.94,2.6468,0.9471,0.2095,0.6133,2.1108,0.3194,0.8937,0.1649,3.6576,0.0,0.5838,0.7949,8.2695,39.4461,29.9,2.6,0.360494471,0.002754016,0.187064469,0.170675986,9586000.0,21.249499999999998,48.5105,8.1938,22.046099999999996,17.707916666666666,30.319062499999998,20.4845,27.557624999999998,96.06910416666666,v,g,1.0,0.7639551287320576,51.891078518094666,47.34496635317328,100.0
United Kingdom,Europe,5.2632,0.2754,18.8798,0.0006,6.5412,0.621,1.0911,4.9551,4.4181,12.3684,0.6658,0.1056,0.224,0.2035,0.0653,5.1133,0.2461,2.4383,0.0,0.0901,0.7372,4.5851,31.1116,29.5,2.5,0.413203058,0.057712507,0.001780558,0.353709994,66833000.0,14.9218,36.4339,10.2183,38.425799999999995,12.434833333333332,22.7711875,25.54575,48.03224999999999,108.78402083333333,p,g,0.0,13.967105490298671,0.43091597836141854,85.60197877335168,100.00000024201177
United Republic of Tanzania,Africa,4.5185,0.0403,4.8022,0.0,10.4453,0.03,0.5828,6.8147,0.7902,3.3606,0.0214,0.0,1.2839,2.1761,0.0274,13.937,0.03,1.0345,0.0,0.042,0.9136,3.952,45.1973,7.1,30.7,0.000877511,3.62e-05,0.00031549,0.000525817,58005000.0,28.976200000000002,50.0629,11.333200000000001,9.6275,24.146833333333333,31.2893125,28.333000000000002,12.034375,95.80352083333334,v,p,0.0,4.125304412138423,35.95282566258429,59.92141409053562,99.99954416525833
United States of America,North America,4.8647,0.1681,21.2352,0.002,5.5048,0.786,1.1287,4.5432,6.2645,12.8657,0.0,0.0197,0.3246,0.1893,0.049,2.839,0.2458,3.32,0.0,0.1772,0.9889,5.7249,28.7587,37.3,2.5,0.543872303,0.031712,0.135121965,0.393675586,329153000.0,12.6497,35.472500000000004,9.4079,42.469899999999996,10.541416666666665,22.1703125,23.519750000000002,53.087374999999994,109.31885416666665,p,g,0.0,5.830780465391707,24.84442841723455,72.38382683370439,103.05903571633064
Uruguay,South America,3.5664,0.21,17.8865,0.0,10.251,0.7764,0.6058,5.3746,3.7863,12.3906,0.3918,0.1168,0.277,0.1936,0.0144,3.044,0.6169,3.4102,0.0,0.0131,1.0337,3.9333,32.1076,28.9,2.5,0.023387326,0.000625178,0.019465757,0.003296391,3519000.0,17.8202,37.0746,8.940999999999999,36.1642,14.850166666666667,23.171625,22.3525,45.20525,105.57954166666667,p,g,0.0,2.6731486960074013,83.23207621085027,14.094775093142328,100.0
Uzbekistan,Asia,0.6835,0.1353,14.4463,0.0,10.5365,0.3566,0.1218,5.215,1.8621,11.7952,0.04,0.1748,0.0287,0.0022,0.0038,2.8891,0.0644,0.5796,0.0,0.0649,0.6109,14.8354,35.554,15.3,6.3,0.010824296,4.48e-05,0.008475994,0.002303487,33471000.0,14.169199999999998,51.0003,5.8985,28.932100000000002,11.807666666666664,31.875187500000003,14.74625,36.165125,94.59422916666666,p,g,0.0,0.41388372971323023,78.30526807470896,21.280709618436152,99.99986142285834
Venezuela (Bolivarian Republic of),South America,2.5952,0.0403,14.7565,0.0,12.9253,0.3389,0.9456,7.646,3.8328,9.392,0.0702,0.2078,0.0281,0.3342,0.0009,2.5643,0.1479,3.4106,0.0,0.0009,1.3734,4.1474,35.2416,25.2,21.2,0.005295273,4.91e-05,0.001059055,0.004187123,28516000.0,19.4122,40.7624,10.2412,29.5841,16.17683333333333,25.4765,25.602999999999998,36.980124999999994,104.23645833333333,p,g,0.0,0.9272420893124869,20.000007553907043,79.0728447806185,100.00009442383802
Vietnam,Asia,1.4591,0.164,8.5765,0.0042,16.874,0.3077,2.6392,5.9029,4.4382,0.6069,0.0126,0.4149,0.841,0.2032,0.2074,1.0596,0.288,1.2846,0.815,0.307,0.2201,11.9508,41.4232,2.1,9.3,0.000342895,0.0,0.00029167,5.12e-05,95656000.0,21.8798,53.5941,7.362,17.1642,18.233166666666666,33.496312499999995,18.404999999999998,21.45525,91.58972916666667,v,g,1.0,0.0,85.06102451187681,14.931684626489158,99.99270913836597
Yemen,Asia,0.0364,0.0446,5.7874,0.0,27.2077,0.2579,0.524,5.1344,2.7871,1.8911,0.2033,0.2827,0.0893,0.8645,0.0347,1.0794,0.2199,5.0468,0.0,0.0017,1.0811,3.2135,44.2126,14.1,38.9,0.001107606,0.00027433,4.8e-05,0.000785269,29162000.0,34.544,48.507200000000005,5.170800000000001,11.7781,28.786666666666665,30.317000000000004,12.927000000000003,14.722625,86.75329166666668,v,f,0.0,24.767832604734895,4.33367099853197,70.89786440304586,99.99936800631272
Zambia,Africa,5.736,0.0829,6.0197,0.0,21.1938,0.3399,1.6924,1.0183,1.8427,1.757,0.2149,0.3048,1.8736,0.1756,0.0478,7.9649,0.0618,1.5632,0.0,0.0014,0.6657,3.4649,43.9789,6.5,46.7,0.005917922,3.92e-05,0.004361458,0.001517272,17861000.0,32.882099999999994,48.109500000000004,6.7543,12.2543,27.401749999999996,30.0684375,16.885749999999998,15.317875,89.6738125,v,p,1.0,0.6623946716431882,73.69914642335604,25.638594087586824,100.00013518258605
Zimbabwe,Africa,4.0552,0.0755,8.1489,0.0,22.624,0.2678,0.5518,2.2,2.6142,4.431,0.2012,0.2086,0.4498,0.4261,0.0252,2.987,0.1494,4.6485,0.0,0.0518,1.7103,2.3213,41.8526,12.3,51.3,0.001215432,2.73e-05,0.00019802,0.000990099,14645000.0,31.361800000000002,45.8842,6.2552,16.499,26.134833333333336,28.677625000000003,15.638000000000002,20.623749999999998,91.07420833333335,v,f,1.0,2.2461149615939027,16.292149622521045,81.4606658373319,99.99893042144686
